"bank_name","bank_code","branches__branch_code","branches__branch_name"
"Kenya Commercial Bank Limited","01","340","Karen Waterfront Platinum"
"","","341","KCB Ngong Branch"
"","","325","Garden City"
"","","326","JKIA"
"","","327","Makutano"
"","","330","KCB NextGen"
"","","331","KCB Mogotio"
"","","329","Two Rivers"
"","","332","KCB Upperhill Platinum"
"","","337","KCB Kilimani Platinum"
"","","339","KCB Utawala"
"","","302","Diaspora"
"","","303","Kisii West"
"","","304","Mbita"
"","","305","Sori"
"","","306","Hurlingham"
"","","307","Kibera"
"","","308","Thika Road Mall Branch"
"","","309","Kasarani Branch"
"","","310","KCB Maasai Mara"
"","","311","KCB Kabartonjo"
"","","312","KCB Eldoret East"
"","","313","Kikim"
"","","314","KCB JKUAT"
"","","315","KCB Changamwe"
"","","316","KCB Makongeni"
"","","317","KCB Syokimau"
"","","318","KCB Moi Referral Hospital"
"","","319","KCB Kitale Advantage"
"","","320","KCB Lavington"
"","","322","KCB Riverside Advantage"
"","","323","KCB Gigiri Square"
"","","324","Kayole"
"","","214","Gatundu"
"","","215","Emali"
"","","216","Isiolo"
"","","217","KCB Flamingo"
"","","218","Njoro"
"","","219","Mutomo"
"","","220","Mariakani"
"","","221","Mpeketoni"
"","","222","Mtitu Andei"
"","","223","Mtwapa"
"","","224","Taveta"
"","","225","Kengeleni"
"","","226","Garsen"
"","","227","Watamu"
"","","228","Bondo"
"","","229","Busia"
"","","230","Homa Bay"
"","","231","Kapsowar"
"","","232","Kehancha"
"","","233","Keroka"
"","","234","Kilgoris"
"","","235","Kimilili"
"","","236","Litein"
"","","237","Londiani Branch"
"","","238","Luanda"
"","","239","Malaba"
"","","240","Muhoroni"
"","","241","Oyugis"
"","","242","Ugunja"
"","","243","United Mall"
"","","244","Serem"
"","","245","Sondu"
"","","246","Kisumu West"
"","","247","Marigat"
"","","248","Mois Bridge"
"","","249","Mashariki"
"","","250","Naro Moro"
"","","251","Kiriaini"
"","","252","Egerton University"
"","","253","Maua"
"","","254","Kawangare"
"","","255","Kimathi"
"","","256","Namanga"
"","","288","Haile Selassie"
"","","289","Salama House Mortgage Centre"
"","","290","Garden Plaza"
"","","291","Sarit Centre Mortgage Centre"
"","","292","Cpc Bulk Corporate Cheques"
"","","293","Trade Services"
"","","295","Nairobi High Court"
"","","296","Mombasa High Court"
"","","297","Kisumu Airport"
"","","298","Port Victoria"
"","","300","Nyali"
"","","301","Westgate Advantage"
"","","287","Kisauni"
"","","257","Gikomba"
"","","258","Kwale"
"","","259","Prestige Plaza"
"","","260","Kariobangi"
"","","263","Biashara Street"
"","","266","Ngara"
"","","267","Kyuso"
"","","270","Masii"
"","","271","Menengai Crater"
"","","272","Town Centre"
"","","278","Makindu"
"","","283","Rongo"
"","","284","Isibania"
"","","285","Kiserian"
"","","286","Mwembe Tayari"
"","","342","Imara Daima"
"","","343","Takaba Town"
"","","163","Eldama Ravine"
"","","164","Kibwezi"
"","","166","Kapsabet"
"","","167","University Way"
"","","168","KCB Eldoret West"
"","","169","Garissa"
"","","124","Mumias"
"","","125","Nanyuki"
"","","127","Moyale"
"","","129","Kikuyu"
"","","130","Tala"
"","","131","Kajiado"
"","","133","KCB Custody services"
"","","134","Matuu"
"","","135","Kitui"
"","","136","Mvita"
"","","137","Jogoo Rd Nairobi"
"","","139","Card Centre"
"","","140","Marsabit"
"","","141","Sarit Centre"
"","","142","Loitokitok"
"","","143","Nandi Hills"
"","","144","Lodwar"
"","","145","Un Gigiri"
"","","146","Hola"
"","","147","Ruiru"
"","","148","Mwingi"
"","","149","Kitale"
"","","150","Mandera"
"","","151","Kapenguria"
"","","152","Kabarnet"
"","","153","Wajir"
"","","154","Maralal"
"","","155","Limuru"
"","","157","Ukunda"
"","","158","Iten"
"","","159","Gilgil"
"","","161","Ongata Rongai"
"","","162","Kitengela"
"","","338","KCB Langata"
"","","344","KCB Rumuruti Branch"
"","","091","Eastleigh"
"","","092","KCB CPC"
"","","094","Head Office"
"","","095","Wote"
"","","096","Head Office Finance"
"","","100","Moi Avenue Nairobi"
"","","101","Kipande House"
"","","102","Treasury Sq Mombasa"
"","","103","Nakuru"
"","","104","Kicc"
"","","105","Kisumu"
"","","106","Kericho"
"","","107","Tom Mboya"
"","","108","Thika"
"","","109","Eldoret"
"","","110","Kakamega"
"","","111","Kilindini Mombasa"
"","","112","Nyeri"
"","","113","Industrial Area Nairobi"
"","","114","River Road"
"","","115","Muranga"
"","","116","Embu"
"","","117","Kangema"
"","","119","Kiambu"
"","","120","Karatina"
"","","121","Siaya"
"","","122","Nyahururu"
"","","123","Meru"
"","","173","Lamu"
"","","174","Kilifi"
"","","175","Milimani"
"","","176","Nyamira"
"","","177","Mukuruweini"
"","","180","Village Market"
"","","181","Bomet"
"","","183","Mbale"
"","","184","Narok"
"","","185","Othaya"
"","","186","Voi"
"","","188","Webuye"
"","","189","Sotik"
"","","190","Naivasha"
"","","191","Kisii"
"","","192","Migori"
"","","193","Githunguri"
"","","194","Machakos"
"","","195","Kerugoya"
"","","196","Chuka"
"","","197","Bungoma"
"","","198","Wundanyi"
"","","199","Malindi"
"","","201","Capital Hill"
"","","202","Karen"
"","","203","Lokichogio"
"","","204","Gateway Msa Road"
"","","205","Buruburu"
"","","206","Chogoria"
"","","207","Kangare"
"","","208","Kianyaga"
"","","209","Nkubu"
"","","210","Ol Kalou"
"","","211","Makuyu"
"","","212","Mwea"
"","","213","Njambini"
"","","333","Kakuma Branch"
"","","334","KCB Parklands"
"","","335","KCB Diani"
"","","336","KCB Eldoret Advantage Branch"
"Standard Chartered Bank Kenya Ltd","02","000","Eldoret"
"","","001","Kericho"
"","","002","Kisumu"
"","","003","Kitale"
"","","004","Treasury Square"
"","","005","Kilindini"
"","","006","Kenyatta Avenue"
"","","008","Moi Avenue"
"","","009","Nakuru"
"","","010","Nanyuki"
"","","011","Nyeri"
"","","012","Thika"
"","","015","Westlands"
"","","016","Machakos"
"","","017","Meru"
"","","019","Harambee Avenue"
"","","053","Industrial Area"
"","","054","Kakamega"
"","","064","Koinage"
"","","071","Yaya Centre Branch"
"","","072","Ruaraka"
"","","073","Langata"
"","","074","Makupa"
"","","075","Karen"
"","","076","Muthaiga"
"","","078","C.o.u"
"","","079","Ukay"
"","","080","Two Rivers Branch"
"","","081","Kisii"
"","","082","Upper Hill Branch"
"","","083","Nyali"
"","","084","Chiromo"
"","","085","Greenspan"
"","","086","The T-Mall"
"","","087","The Junction"
"","","089","Kitengela"
"","","090","Bungoma"
"","","091","Thika Road Mall"
"","","092","UN Gigiri"
"Absa Bank Kenya Plc","03","140","Two Rivers"
"","","007","Kericho Branch"
"","","008","Kisii Branch"
"","","009","Kisumu Branch"
"","","010","South C Branch"
"","","011","Limuru Branch"
"","","012","Malindi Branch"
"","","013","Meru Branch"
"","","014","Eastleigh Branch"
"","","015","Kitui Branch"
"","","016","Nkrumah Road Branch"
"","","017","Garissa Branch"
"","","018","Nyamira Branch"
"","","019","Kilifi Branch"
"","","020","Office Park Westlands"
"","","026","Kakamega Branch"
"","","001","Head Office - Vpc"
"","","002","Kapsabet Branch"
"","","003","Eldoret Branch"
"","","004","Embu Branch"
"","","005","Murang A Branch"
"","","006","Kapenguria Branch"
"","","021","Barclaycard Operations"
"","","022","Paymants And International Services"
"","","023","Gilgil Branch"
"","","024","Thika Road Mall"
"","","049","Lavington Branch"
"","","050","Tala"
"","","051","Homa Bay Branch"
"","","052","Ongata Rongai Branch"
"","","053","Othaya Branch"
"","","054","Voi Branch"
"","","055","Muthaiga Branch"
"","","056","Barclays Advisory And Reg. Services"
"","","057","Githunguri Branch"
"","","058","Webuye Branch"
"","","059","Kasarani Branch"
"","","060","Chuka Branch"
"","","061","Nakumatt-westgate Branch"
"","","062","Kabarnet Branch"
"","","063","Kerugoya Branch"
"","","064","Taveta Branch"
"","","065","Karen Branch"
"","","066","Wundanyi Branch"
"","","067","Ruaraka Branch"
"","","068","Kitengela Branch"
"","","069","Wote Branch"
"","","070","Enterprise Road Branch"
"","","071","Nakumatt Meru Branch"
"","","072","Juja Branch"
"","","073","Westlands Branch"
"","","074","Kikuyu Branch"
"","","075","Moi Avenue-nairobi Branch"
"","","076","Nyali"
"","","077","Absa Towers Branch"
"","","034","Kawangware"
"","","035","Mbale"
"","","036","Plaza Premier Centre"
"","","037","River Road Branch"
"","","038","Chomba House-river Road"
"","","039","Mumias Branch"
"","","040","Machakos Branch"
"","","041","Narok Branch"
"","","042","Isiolo Branch"
"","","043","Ngong Branch"
"","","044","Maua Branch"
"","","045","Hurlingham Branch"
"","","046","Makupa Branch"
"","","047","Development House Branch"
"","","048","Bungoma"
"","","027","Nakuru East"
"","","028","Buruburu"
"","","029","Bomet"
"","","030","Nyeri Branch"
"","","031","Thika Branch"
"","","032","Port Mombasa"
"","","033","Gikomba"
"","","128","Bamburi Branch"
"","","130","Harambee Ave - Premier Life Centre"
"","","132","Kitale Branch"
"","","139","Nyahururu Branch"
"","","144","Treasury Operations"
"","","145","Moi Avenue Mombasa -  Premier Life Centre"
"","","151","Cash Monitoring Unit"
"","","190","Nanyuki Branch"
"","","206","Karatina Branch"
"","","220","Mombasa Nyerere Ave -  Premier Life Centre"
"","","273","Consumer Operations"
"","","300","Finance Department"
"","","337","Documents And Securities  Dsc"
"","","340","Retail Credit Team"
"","","354","Credit Operations"
"","","400","Head office"
"","","078","Kiriaini Branch"
"","","079","Butere Road Branch"
"","","080","Migori Branch"
"","","081","Digo Branch"
"","","082","Haile Selassie Avenue Branch"
"","","083","Nairobi University Branch"
"","","084","Bunyala Road"
"","","086","Nairobi West Branch"
"","","087","Parklands"
"","","088","Busia"
"","","089","Pangani Branch"
"","","090","Abc Premier Life Centre"
"","","093","Kariobangi Branch"
"","","094","Queensway House Branch"
"","","095","Nakumatt Embakasi Branch"
"","","096","Barclays Merchant Finance Ltd."
"","","097","Barclays Securities Services (k"
"","","100","Diani Branch"
"","","103","Nairobi J.k.i.a Branch"
"","","105","Village Market - Premier Life Centre"
"","","106","Sarit Centre - Premier Life Centre"
"","","109","Yaya Centre- Premier Life Centre"
"","","111","Naivasha Branch"
"","","113","Market Branch"
"","","114","Changamwe Branch"
"","","117","Rahimtulla Trust Towers - Premier Life Centre"
"","","125","Nakuru West Branch"
"Bank of India","05","000","Kenyatta Avenue , Nairobi"
"","","001","Nkrumah Road , Mombasa"
"","","002","Industrial Area"
"","","003","Westlands"
"","","005","Eldoret"
"Bank of Baroda(Kenya Ltd)","06","017","Muthithi road"
"","","000","Nairobi Main"
"","","002","Digo Road, Mombasa"
"","","004","Thika"
"","","005","Kisumu"
"","","006","Sarit Centre"
"","","007","Industrial Area"
"","","008","Eldoret"
"","","009","Nakuru"
"","","010","Kakamega"
"","","011","Nyali Mombasa"
"","","012","Meru"
"","","015","Diamond Plaza"
"","","016","Mombasa Road"
"NCBA Bank Kenya Plc","07","209","Mwembe Tayari"
"","","208","Ruiru Eastern Bypass"
"","","206","Nyeri"
"","","207","Karatina"
"","","210","Kakamega"
"","","033","River Road"
"","","034","Karen Hub"
"","","211","Kericho"
"","","213","Bungoma"
"","","212","Embu"
"","","216","Gikomba"
"","","214","Ngong"
"","","215","Kiambu"
"","","217","Naivasha"
"","","035","Garden City"
"","","036","Two Rivers Mall"
"","","101","City Centre"
"","","102","NIC House"
"","","103","Harbour House"
"","","105","Westlands"
"","","106","The Junction Br."
"","","107","Nakuru"
"","","110","Harambee"
"","","111","Prestige-Ngong Road"
"","","112","Kisumu"
"","","113","Thika"
"","","114","Meru"
"","","118","Sameer Park"
"","","119","Karen"
"","","121","Taj Mall"
"","","122","ABC"
"","","123","Thika Road Mall"
"","","124","Changamwe Branch"
"","","125","Kenyatta Avenue"
"","","126","Riverside"
"","","127","Machakos"
"","","128","Lunga Lunga Square"
"","","129","Kilimani"
"","","130","Kitengela"
"","","146","Kilifi"
"","","147","Watamu"
"","","148","Diani"
"","","149","Kitale"
"","","200","Narok Branch"
"","","201","Lavington Branch"
"","","500","Head Office"
"","","501","Head Office"
"","","502","Head Office"
"","","503","Head Office"
"","","600","Head Office"
"","","131","Kisii"
"","","132","KMA Centre"
"","","133","Buru Buru"
"","","134","CPA Centre, Ruaraka"
"","","135","Rongai"
"","","141","Rosslyn Riviera"
"","","142","Ciata Mall"
"","","143","Parklands"
"","","144","Nanyuki"
"","","145","Malindi"
"","","005","Industrial Area"
"","","006","Mamlaka"
"","","007","Village Market"
"","","008","Cargo Centre"
"","","009","Park Side"
"","","026","Eldoret"
"","","027","Kisumu"
"","","028","Thika"
"","","029","Nanyuki"
"","","030","Yaya Centre"
"","","031","Lavington"
"","","032","Machakos"
"","","016","Galleria Mall"
"","","017","Junction"
"","","018","Thika Road Mall"
"","","019","Greenspan Mall"
"","","020","Moi Avenue Mombasa"
"","","021","Meru"
"","","022","Nakuru"
"","","023","Nyali"
"","","024","Diani"
"","","025","Changamwe"
"","","219","Busia"
"","","223","Kenol Town"
"","","222","Utawala Nairobi"
"","","221","Eastleigh Nairobi"
"","","33 ","River Road"
"","","218","Muranga"
"","","224","Kahawa Sukari"
"","","220","Chwele"
"","","226","Migori Branch"
"","","225","Wote Branch"
"","","115","Galleria (Bomas)"
"","","116","Eldoret"
"","","117","Village Market"
"","","000","Head Office"
"","","001","Upper Hill"
"","","002","Wabera Street"
"","","003","Mama Ngina"
"","","004","Westlands Branch"
"","","104","Head Office-Fargo"
"","","108","Nyali"
"","","109","Nkrumah Road"
"","","204","Sarit Centre Branch"
"Central Bank Of Kenya","09","008","Kisii Centre"
"","","000","Head Office"
"","","001","Head Office"
"","","002","Mombasa"
"","","003","Kisumu"
"","","004","Eldoret"
"","","006","Nakuru Centre"
"Prime Bank Limited","10","021","Two Rivers"
"","","023","Meru"
"","","024","Lavington Branch"
"","","022","UAP Towers"
"","","000","H/o Riverside"
"","","001","Kenindia"
"","","002","Biashara"
"","","003","Mombasa"
"","","004","Westlands"
"","","005","Industrial Area"
"","","006","Kisumu"
"","","007","Parklands"
"","","008","Riverside Drive"
"","","009","Card Centre"
"","","010","Hurlingham"
"","","011","Capital Centre"
"","","012","Nyali"
"","","014","Kamukunji"
"","","015","Eldoret"
"","","016","Karen"
"","","017","Nakuru"
"","","020","Garden City"
"","","019","Thika"
"","","027","Baba Dogo"
"","","025","Village Market"
"","","026","Kitale"
"Co-operative Bank of Kenya Limited","11","170","Kamulu Branch"
"","","156","Ridgeways Mall"
"","","157","Two Rivers Mall"
"","","158","JKIA"
"","","154","Gikomba Area 42"
"","","166","Kapenguria Sub - Branch"
"","","162","Litein"
"","","161","Kilimani"
"","","159","Emali"
"","","163","Thika Makongeni"
"","","160","Kangema"
"","","155","Utawala"
"","","020","Eastleigh"
"","","021","Kiambu"
"","","022","Homa Bay"
"","","023","Embu"
"","","024","Kericho"
"","","025","Bungoma"
"","","026","Muranga"
"","","027","Kayole"
"","","028","Karatina"
"","","029","Ukunda"
"","","030","Mtwapa"
"","","031","University Way"
"","","032","Buru Buru"
"","","033","Athi River"
"","","034","Mumias"
"","","038","Ongata Rongai"
"","","039","Thika"
"","","040","Nacico"
"","","041","Kariobangi"
"","","042","Kawangware"
"","","043","Makutano"
"","","044","Parliament road"
"","","045","Kimathi Street"
"","","046","Kitale"
"","","047","Githurai"
"","","048","Maua"
"","","049","City  Hall"
"","","050","Digo Rd"
"","","051","Nbc"
"","","000","Head Office"
"","","001","Finance And Accounts"
"","","002","Co-op House"
"","","003","Kisumu"
"","","004","Nkurumah Road"
"","","005","Meru"
"","","006","Nakuru"
"","","007","Industrial Area"
"","","008","Kisii"
"","","009","Machakos"
"","","010","Nyeri"
"","","011","Ukulima"
"","","012","Kerugoya"
"","","013","Eldoret"
"","","014","Moi Avenue"
"","","015","Naivasha"
"","","017","Nyahururu"
"","","018","Chuka"
"","","019","Wakulima Market"
"","","062","Zimmerman"
"","","063","Kenyatta Avenue Nakuru"
"","","064","Kitengela"
"","","065","Aga Khan Walk"
"","","066","Narok"
"","","067","Kitui"
"","","068","Nanyuki"
"","","069","Embakasi"
"","","070","Kibera"
"","","071","Siakago"
"","","072","Kapsabet"
"","","073","Mbita"
"","","074","Kangemi"
"","","075","Dandora"
"","","076","Kajiado"
"","","077","Tala"
"","","078","Gikomba"
"","","079","River Road"
"","","080","Nyamira"
"","","081","Garisa"
"","","082","Bomet"
"","","083","Keroka"
"","","084","Gilgil"
"","","085","Tom Mboya"
"","","086","Likoni"
"","","087","Donholm"
"","","088","Mwingi"
"","","089","Ruaka"
"","","090","Webuye"
"","","094","Sacco Clearing Unit"
"","","097","Clearing Centre"
"","","100","Ndhiwa"
"","","101","Oyugis"
"","","102","Isiolo"
"","","103","Uganda Road Eldoret"
"","","104","Changamwe"
"","","105","Kondele"
"","","106","Githurai Kimbo"
"","","107","Mlolongo"
"","","108","Kilifi"
"","","109","Ol Kalau"
"","","110","Mbale"
"","","111","Kimilili"
"","","035","Stima Plaza"
"","","036","Westlands"
"","","037","Upper Hill"
"","","137","Gatundu"
"","","138","Ruiru"
"","","139","Nyali Mall"
"","","140","Yala"
"","","141","Maasai Mall - Ongata Rongai"
"","","142","Thika Road Mall"
"","","143","Kiserian"
"","","144","Nandi Hills"
"","","145","Lodwar"
"","","147","Engineer"
"","","148","Rongo"
"","","149","Lavington Mall"
"","","150","Bondo"
"","","151","Gigiri Mall"
"","","152","United Mall, Kisumu"
"","","153","Green House Mall"
"","","228","Shares Operations"
"","","247","Back Office Operations"
"","","250","E- Channels Unit"
"","","254","Diaspora Banking"
"","","266","Kilindini Port"
"","","270","Money Transfers Agency"
"","","052","Kakamega"
"","","053","Migori"
"","","054","Kenyatta Avenue"
"","","055","Nkubu"
"","","056","Enterprise Road"
"","","057","Busia"
"","","058","Siaya"
"","","059","Voi"
"","","060","Mariakani"
"","","061","Malindi"
"","","128","Marsabit"
"","","130","Dagoretti"
"","","131","Othaya"
"","","132","Limuru"
"","","133","Kikuyu"
"","","134","Githunguri"
"","","135","Karen"
"","","136","Mpeketoni"
"","","112","Kisii Highway"
"","","113","Kilgoris"
"","","114","Wote"
"","","116","Malaba"
"","","117","Molo"
"","","118","Mwea"
"","","119","Kutus"
"","","120","Umoja"
"","","121","Embakasi Junction"
"","","122","Kongowea"
"","","123","Langata Road"
"","","124","Juja"
"","","125","Ngong"
"","","126","Kawangware 46"
"","","127","Mombasa Road"
"","","092","Kabarnet Branch"
"","","091","Iten"
"","","115","Kasarani Branch"
"","","129","Kamakis"
"","","173","Chwele"
"","","093","Hindi Branch"
"","","174","THIKA KWAME NKRUMAH BRANCH"
"","","146","Kenol-Makuyu Branch"
"","","169","Eldoret - Kenyatta Street"
"","","171","Bamburi Branch"
"","","165","Chogoria"
"","","164","Kenyatta Avenue"
"","","167","Maralal"
"","","172","GREENWOOD MALL BRANCH"
"National Bank Of Kenya","12","000","Central Business Unit"
"","","002","Kenyatta"
"","","003","Harambee"
"","","004","Hill"
"","","005","Busia"
"","","006","Kiambu"
"","","007","Meru"
"","","008","Karatina"
"","","009","Narok"
"","","010","Kisii"
"","","011","Malindi"
"","","012","Nyeri"
"","","013","Kitale"
"","","015","Eastleigh"
"","","016","Limuru"
"","","017","Kitui"
"","","018","Molo"
"","","019","Bungoma"
"","","020","Nkrumah"
"","","021","Kapsabet"
"","","022","Awendo"
"","","023","Portway-msa"
"","","082","Mwea Branch"
"","","025","Hospital Br."
"","","026","Ruiru"
"","","027","Ongata Rongai"
"","","028","Embu"
"","","029","Kakamega"
"","","030","Nakuru"
"","","031","Ukunda"
"","","032","Upper Hill"
"","","033","Nandi Hills"
"","","034","Migori"
"","","035","Westlands"
"","","036","Times Tower"
"","","037","Maua"
"","","038","WILSON AIRPORT"
"","","039","J.K.I.A."
"","","040","Eldoret"
"","","056","Bomet"
"","","058","Greenspan"
"","","059","Sameer Park"
"","","060","SEKU"
"","","061","Ngong Road"
"","","062","Moi Avenue"
"","","063","Mountain Mall"
"","","065","Nyali Centre"
"","","066","Kilifi"
"","","067","South C Branch- KEBS"
"","","068","Kericho"
"","","070","Isiolo"
"","","071","South C - Red Cross"
"","","072","National Bank Premium Banking Kisumu"
"","","073","Yaya Centre"
"","","074","Gigiri"
"","","253","Narok Amanah"
"","","254","Ngong Rd Amanah"
"","","255","Nkuruma Amanah"
"","","256","Nyali Amanah"
"","","257","Nyeri Amanah"
"","","258","Ongata Rongai Amanah"
"","","259","Portway Hse Amanah"
"","","260","Ruiru Amanah"
"","","261","Sameer Park Amanah"
"","","262","SEKU Amanah"
"","","263","South C Red Cross Amanah"
"","","264","St. Pauls University Amanah"
"","","265","Technical Univ of MSA Amanah"
"","","266","Thika Amanah"
"","","093","Wajir"
"","","094","Bondeni"
"","","096","Mandera"
"","","098","Card Centre"
"","","099","Head Office"
"","","198","Central CLearing Centre"
"","","200","Head Office Amanah"
"","","201","Card Centre Amanah"
"","","202","Eastleigh Amanah"
"","","203","Kenyatta Ave Amanah"
"","","204","Wajir Amanah"
"","","205","Bondeni Amanah"
"","","206","Garissa Amanah"
"","","207","Mandera Amanah"
"","","208","Isiolo Amanah"
"","","209","Awendo Amanah"
"","","210","Bomet Amanah"
"","","211","Bungoma Amanah"
"","","212","Busia Amanah"
"","","213","Changamwe Amanah"
"","","214","Eldoret Amanah"
"","","215","Embu Amanah"
"","","216","Gigiri Amanah"
"","","217","Greenspan Amanah"
"","","218","Harambee Ave Amanah"
"","","219","Hill Amanah"
"","","220","Hospital Amanah"
"","","221","JKIA Amanah"
"","","222","Kakamega Amanah"
"","","223","Kapsabet Amanah"
"","","224","Karatina Amanah"
"","","225","Kenyatta Ave Amanah"
"","","226","Kenyatta University Amanah"
"","","227","Kericho Amanah"
"","","228","Kiambu Amanah"
"","","229","Kianjai Amanah"
"","","230","Kilifi Amanah"
"","","231","Kisii Amanah"
"","","232","Kisumu Amanah"
"","","267","Times Tower Amanah"
"","","268","TSC Upper Hill Building Amanah"
"","","269","Ukunda Amanah"
"","","270","Westlands Amanah"
"","","271","Wilson Airport NRI Amanah"
"","","272","Yaya Centre Amanah"
"","","233","Kisumu Premium Centre Amanah"
"","","234","Kitale Amanah"
"","","235","Kitengela Amanah"
"","","236","Kitui Amanah"
"","","237","Limuru Amanah"
"","","238","Lunga Lunga Amanah"
"","","239","Machakos Amanah"
"","","240","Malindi Amanah"
"","","241","Maua Amanah"
"","","242","Meru Amanah"
"","","243","Migori Amanah"
"","","244","Moi Ave Amanah"
"","","245","Moi University Eldoret Amanah"
"","","246","Mois Bridge Amanah"
"","","247","Molo Amanah"
"","","248","Mountain Mall Amanah"
"","","249","Mtwapa Amanah"
"","","250","Mutomo Amanah"
"","","251","Nakuru Amanah"
"","","252","Nandi Hills Amanah"
"","","041","MOIS BRIDGE"
"","","042","MUTOMO"
"","","043","KIANJAI"
"","","044","KENYATTA UNIVERSITY"
"","","045","ST PAULS UNIVERSITY"
"","","046","MOI UNIVERSITY ELDORET"
"","","047","MOI INT AIRPORT MOMBASA"
"","","048","Machakos"
"","","049","Kitengela"
"","","050","Kisumu"
"","","051","Mtwapa"
"","","052","Changamwe"
"","","053","Garissa"
"","","054","Thika"
"","","055","Momasa Polytechnic University College"
"","","075","Nanyuki"
"","","078","Wote"
"","","079","Lodwar"
"","","081","Gikomba"
"M-Oriental Bank Limited","14","011","Sameer Business Park"
"","","000","Head Office"
"","","001","Koinange Street"
"","","004","Nakuru"
"","","005","Eldoret"
"","","006","Kitale"
"","","007","Westlands"
"","","010","Mombasa"
"CITI BANK N A","16","000","Head Office , Nairobi"
"","","400","Mombasa"
"","","500","Gigiri Agency"
"","","700","Kisumu"
"Habib Bank AG Zurich","17","000","Head Office"
"","","001","Mombasa"
"","","002","Industrial Area"
"","","003","Westlands"
"","","004","Nyali"
"Middle East Bank Kenya Limited","18","000","Head Office"
"","","001","Nairobi"
"","","002","Mombasa"
"","","003","Milimani"
"","","004","Industrial Area"
"","","005","Eldoret"
"Bank of  Africa Kenya Limited","19","043","Ukunda"
"","","000","Reinsurance Plaza Nairobi"
"","","001","Mombasa"
"","","002","Westlands"
"","","003","Uhuru Highway"
"","","004","River Road"
"","","005","Thika"
"","","006","Kisumu"
"","","007","Ruaraka"
"","","008","Monrovia Street"
"","","009","Nakuru"
"","","010","Ngong Road"
"","","011","Eldoret"
"","","012","Embakasi"
"","","014","Ongata Rongai"
"","","015","Changamwe"
"","","016","Bungoma"
"","","017","KISII"
"","","018","MERU"
"","","019","Kitengela"
"","","020","Nyali"
"","","021","Galleria"
"","","022","Greenspan Mall"
"","","023","Upper Hilll"
"","","024","Nanyuki"
"","","026","Kenyatta Avenue"
"","","027","Sameer Business Park"
"","","028","Moi Avenue, Mombasa"
"","","029","Ongata Rongai II"
"","","030","Gikomba"
"","","031","Githurai"
"","","032","Embu"
"","","033","Gateway Mall"
"","","034","Kitale"
"","","035","South B"
"","","036","Digo Road"
"","","037","Outering Road"
"","","038","Likoni Road"
"","","039","Thika Road"
"","","040","Narok"
"Consolidated Bank of Kenya Ltd","23","000","Harambee Avenue"
"","","001","Muranga"
"","","002","Embu"
"","","003","Mombasa"
"","","004","Koinange Street"
"","","005","Thika"
"","","006","Meru"
"","","007","Nyeri"
"","","008","Laare"
"","","009","Maua"
"","","010","Isiolo"
"","","011","Head Office"
"","","012","Corporate"
"","","013","Umoja"
"","","014","River Road"
"","","015","Eldoret"
"","","016","Nakuru"
"","","017","Kitengela"
"","","018","Taj Mall"
"Credit Bank PLC","25","016","Ngong Road Branch"
"","","017","Meru Branch"
"","","018","Nkuruma"
"","","500","Sumac Koinange"
"","","019","One Africa"
"","","000","Head Office"
"","","001","Koinange Street"
"","","002","Kisumu"
"","","003","Nakuru"
"","","004","Kisii"
"","","005","Westlands"
"","","006","Industrial Area"
"","","008","Nakuru, Kenyatta Avenue"
"","","009","Eldoret"
"","","010","Rongai"
"","","011","Mombasa- Nyali Centre"
"","","012","Thika"
"","","013","Lavington Mall"
"","","014","Machakos"
"","","015","Kitengela"
"Access Bank Kenya PLC","26","020","Flax"
"","","021","Westlands"
"","","024","Marigat"
"","","022","Burnt Forest"
"","","025","Kapcherop"
"","","026","Kapenguria"
"","","027","Kaptumo"
"","","028","Eldama Ravine"
"","","001","Head Office"
"","","002","Mombasa"
"","","003","Eldoret"
"","","004","Nakuru"
"","","005","Mia"
"","","006","Jkia"
"","","007","Kirinyaga Rd Nakuru"
"","","008","Kabarak"
"","","009","Olenguruone"
"","","010","Kericho"
"","","011","Nandi Hills"
"","","012","Epz"
"","","013","Sheikh Karume"
"","","014","Kabarnet"
"","","015","Kitale"
"","","016","Narok"
"","","017","Bomet"
"","","018","Iten"
"","","019","Lessos"
"","","023","Kiptagich"
"Stanbic Bank Plc","31","030","The Hub"
"","","031","Two Rivers"
"","","000","CFC Stanbic Head Office"
"","","002","Kenyatta Ave"
"","","021","Garden city"
"","","022","Eldoret"
"","","023","Karen"
"","","018","Meru"
"","","019","Buruburu"
"","","020","Gikomba"
"","","003","Digo road"
"","","004","Waiyaki Way"
"","","005","Industrial Area"
"","","006","Harambee Avenue"
"","","007","Chiromo Road"
"","","008","International House"
"","","010","Upper Hill"
"","","011","Naivasha"
"","","012","Westgate"
"","","013","Kisumu"
"","","014","Nakuru"
"","","015","Thika"
"","","017","Nanyuki"
"","","024","Kisii"
"","","025","Warwick"
"","","026","Private Clients"
"","","027","Nyali"
"","","028","Malindi"
"","","029","Changamwe"
"","","999","Central Processing H/o"
"","","032","Imaara Branch"
"","","033","Kericho Branch"
"","","034","Expressway Branch"
"African Banking Corporation Limited","35","011","Green House Mall(GHM)"
"","","010","Thika Road Mall"
"","","000","Head Office/koinange St."
"","","001","Westlands"
"","","002","Industrial Area Branch"
"","","003","Nkrumah Road Branch/mombasa"
"","","004","Kisumu Branch"
"","","005","Eldoret Branch"
"","","006","Meru Branch"
"","","007","Libra House"
"","","008","Nakuru"
"","","101","Central Operations 1"
"","","102","Central Operations 2"
"","","103","Central Operations 3"
"","","104","Central Operations 4"
"","","105","Central Operations 5"
"ECO Bank Kenya LTD","43","030","Fortis Office Park"
"","","000","Fedha Branch , Head Office"
"","","001","Moi Avenue Nairobi"
"","","002","Akiba Hse Mombasa"
"","","003","Plaza 2000"
"","","004","Westminister"
"","","005","Chambers"
"","","006","Thika"
"","","018","Busia"
"","","019","Malindi"
"","","020","Meru"
"","","021","Gikomba"
"","","022","UpperHill"
"","","023","Valley Arcade"
"","","024","Karen"
"","","025","Nyali Mombasa"
"","","026","Ongata Rongai"
"","","027","Embakasi"
"","","028","Kitengela"
"","","029","Thika Mall"
"","","100","Head Office"
"","","007","Eldoret"
"","","008","Kisumu"
"","","009","Kisii"
"","","010","Kitale"
"","","011","Industrial Area"
"","","012","Karatina"
"","","013","Westlands"
"","","014","United Mall"
"","","015","Nakuru"
"","","016","Jomo Kenyatta Avenue"
"","","017","Nyeri"
"Spire Bank","49","017","Machakos"
"","","000","Nairobi"
"","","001","Nyerere"
"","","002","Mombasa"
"","","004","Mombasa Road"
"","","005","Chester"
"","","007","Waiyaki Way"
"","","008","Kakamega"
"","","009","Eldoret"
"","","010","Senator Cards"
"","","011","Nyali"
"","","012","Kisumu"
"","","013","Industrial Area"
"","","015","Nakuru"
"","","016","Ongata Rongai"
"Paramount Bank Limited","50","001","Westlands"
"","","002","Parklands"
"","","003","Koinange Street"
"","","004","Mombasa"
"","","006","Eldoret"
"","","007","Industrial Area"
"","","008","Kisumu"
"","","000","Head Office"
"Kingdom Bank Limited","51","409","Kisii"
"","","502","Ongata Rongai"
"","","503","Kitengela"
"","","507","Nakuru"
"","","603","Mombasa"
"","","000","Head Office"
"","","001","Koinange Street"
"","","100","Kiongozi"
"","","101","Kayole"
"","","102","Eastleigh"
"","","105","Kawangware"
"","","106","Kibera"
"","","107","Kariobangi"
"","","114","Funzi Road"
"","","115","Ngong Road"
"","","116","Kirinyaga Road"
"","","209","Machakos"
"","","210","Mtwapa"
"","","213","Kiritiri"
"","","301","Thika"
"","","303","Muranga"
"","","305","Wangige"
"","","306","Kikuyu"
"","","307","Banana"
"","","308","Kiambu"
"","","310","Utawala"
"","","316","Nyeri"
"","","402","Kisumu"
"","","318","SACCO Clearing Centre"
"","","111","Central Clearing Center"
"","","401","Eldoret"
"Guaranty Trust Bank ( Kenya) Ltd","53","000","Head Office"
"","","001","Kimathi Street"
"","","002","Ind Area"
"","","003","Westlands"
"","","008","Muthaiga"
"","","009","Nanyuki"
"","","010","Thika"
"","","011","Gikomba"
"","","012","Ngong Road"
"","","013","Meru"
"","","014","Nyali"
"","","015","Sky Park"
"","","016","Karen"
"","","004","Lavington"
"","","005","Nkrumah Road , Mombasa"
"","","006","Nakuru"
"","","007","Eldoret"
"Victoria Commercial Bank","54","004","Ruaraka Branch"
"","","001","Victoria Towers, Upperhill"
"","","002","Riverside Drive"
"","","003","Lunga Lunga Square"
"","","005","Two Rivers"
"Guardian Bank Limited","55","001","Head Office"
"","","002","Westlands"
"","","003","Mombasa"
"","","004","Eldoret"
"","","005","Kisumu"
"","","006","Moi Ave"
"","","007","Mombasa Road"
"","","008","Nyali"
"","","009","Ngong Road"
"","","010","Nakuru"
"I&M BANK (KENYA) LTD","57","036","Spring Valley"
"","","037","Meru"
"","","000","Kenyatta Avenue"
"","","001","2nd Ngong Avenue"
"","","002","Sarit Centre"
"","","003","Head Office"
"","","019","Riverside Drive Branch"
"","","020","Kisii"
"","","021","Changamwe"
"","","022","Malindi"
"","","023","Nyeri"
"","","024","Thika"
"","","025","Gigiri"
"","","026","Mtwapa"
"","","027","Lavington Mall"
"","","028","Kitale"
"","","029","Lunga Lunga"
"","","030","Yaya Centre"
"","","031","Gateway Mall, Syokimau"
"","","032","Ruaraka"
"","","098","Card Center"
"","","004","Biashara St"
"","","005","Nyerere Avenue, Mombasa"
"","","006","Industrial Area"
"","","007","Kisumu"
"","","008","Karen"
"","","009","Panari Centre"
"","","010","Parklands"
"","","011","Wilson Airport"
"","","012","Ongata Rongai"
"","","013","South C Shopping Centre"
"","","014","Nyali Cinemax"
"","","015","Langata Link"
"","","016","Valley Arcade"
"","","017","Eldoret"
"","","018","NAKURU"
"","","034","Cross Road Off River Road"
"","","035","Nanyuki"
"","","038","Eldama Park"
"","","039","Banda Street"
"","","040","Dunga Road"
"","","041","Ridge Court"
"","","042","Bandari Plaza"
"","","043","Mombasa, Moi Avenue"
"Development Bank of Kenya Limited","59","000","Head Office"
"","","001","Loita Street"
"","","002","Ngong Road Branch"
"State Bank of Mauritius Kenya","60","078","Card Centre"
"","","100","Head Office - IPS Clearing Centre"
"","","079","Gikomba Xpress"
"","","081","Jubilee Arcade Branch"
"","","023","Buru Buru"
"","","024","Strathmore"
"","","025","Kisii"
"","","026","Virtual"
"","","027","Rafiki DTM Clearing Center"
"","","028","Chase Xpress - Ngong Road"
"","","029","Chase Elite ABC Place"
"","","030","Sameer Business Park"
"","","031","Mtwapa"
"","","032","Ongata Rongai"
"","","033","Westlands"
"","","034","Machakos"
"","","035","Mombasa Old Town"
"","","036","River Road"
"","","037","Lunga Lunga"
"","","038","Chase Xpress Dagoretti Corner"
"","","039","Chase Xpress Madaraka Corner"
"","","040","Kitale"
"","","041","Kimathi"
"","","042","Narok"
"","","043","SACCO Processing Centre"
"","","044","Garissa"
"","","045","KPA"
"","","046","Lavington"
"","","047","Kericho"
"","","048","Karen"
"","","049","Kilimani"
"","","050","Kasuku Centre"
"","","051","Kilifi"
"","","052","Kisumu Naivas"
"","","053","Ruaka"
"","","054","Garden City"
"","","055","Xpress Jomvu"
"","","056","Xpress Kitengela"
"","","057","Kayole"
"","","058","Xpress Limuru Road"
"","","059","Xpress Pangani"
"","","060","Xpress Nakuru"
"","","061","Xpress Eldoret"
"","","062","Ngong Milele"
"","","063","Corner House"
"","","064","Eastleigh III"
"","","022","Nyali"
"","","000","Head Office"
"","","070","City Centre"
"","","065","Westlands"
"","","066","Industrial Area"
"","","067","Diani"
"","","071","Malindi"
"","","068","Mombasa"
"","","076","Changamwe"
"","","069","Kilimani"
"","","075","New Muthaiga"
"","","072","Nyali"
"","","073","Sameer"
"","","074","Highridge"
"","","077","Garden City"
"","","016","Eldoret"
"","","001","City Centre Branch"
"","","003","Village Market"
"","","004","Mombasa Moi Avenue"
"","","005","Hurlingham"
"","","006","Eastleigh"
"","","007","Parklands"
"","","008","Riverside Mews"
"","","010","Thika"
"","","011","Nakuru"
"","","012","Donholm"
"","","013","Bondeni"
"","","014","Ngara Mini"
"","","015","Kisumu"
"","","017","Diamond Plaza"
"","","018","Windsor"
"","","019","Malindi"
"","","020","Embakasi"
"","","021","Upper Hill"
"Housing Finance Bank","61","024","Machakos"
"","","019","Hurlingham"
"","","020","Riveroad"
"","","250","Ongata Rongai"
"","","022","Nanyuki"
"","","025","Embu"
"","","016","Kitengela"
"","","017","Naivasha"
"","","018","Kisii"
"","","100","Head Office"
"","","200","Rehani House"
"","","210","Kenyatta Market"
"","","220","Gill House"
"","","230","Buru Buru"
"","","260","Thika Road Mall"
"","","270","Sameer Business Park"
"","","280","Westlands"
"","","300","Mombasa"
"","","310","Nyali"
"","","400","Nakuru"
"","","410","Eldoret"
"","","500","Thika"
"","","510","Nyeri"
"","","520","Meru"
"","","600","Kisumu"
"","","023","Komarock"
"Kenya Post Office Savings Bank","62","066","Garissa"
"","","075","Gilgil"
"","","085","Homa Bay"
"","","095","Isiolo"
"","","096","Iten"
"","","100","Kabarnet"
"","","107","Kajiado"
"","","109","Kakamega"
"","","111","Kangundo"
"","","113","Kapenguria"
"","","115","Karuri"
"","","116","Kapsabet"
"","","119","Karatina"
"","","121","Karen"
"","","128","Kericho"
"","","308","Naivasha"
"","","309","Nakuru"
"","","312","Nandi Hills"
"","","314","Nanyuki"
"","","315","Narok"
"","","327","Ngara Rd Nairobi"
"","","329","Ngong"
"","","333","Nyahururu"
"","","341","Nyeri"
"","","001","Head Office"
"","","007","Athi River"
"","","013","Bomet"
"","","023","Bungoma"
"","","025","Busia"
"","","037","Chuka"
"","","047","Eastleigh"
"","","050","Eldama Ravine"
"","","051","Eldoret"
"","","056","Embu"
"","","058","Enterprise Rd"
"","","249","Meru"
"","","272","Molo"
"","","273","Savani Hse Mombasa"
"","","291","Mumias"
"","","293","Muranga"
"","","298","Mwingi"
"","","347","Nyamira"
"","","357","Oyugis"
"","","378","Ruiru"
"","","387","Sare Awendo"
"","","397","Siaya"
"","","409","Suna Migori"
"","","414","Taveta"
"","","416","Thika"
"","","428","Ukunda"
"","","436","Viwandani"
"","","437","Voi"
"","","440","Mwea"
"","","442","Watamu"
"","","444","Webuye"
"","","448","Westlands Nairobi"
"","","476","Emali"
"","","560","Chaani"
"","","592","Uthiru"
"","","605","Canon Hse Nairobi"
"","","705","Afya Hse Nairobi"
"","","707","Githurai"
"","","716","Mtwapa"
"","","731","Moi Ave Mombasa"
"","","133","Keruguya"
"","","135","Keroka"
"","","139","Kahancha"
"","","141","Kiambu"
"","","142","Kibwezi"
"","","151","Kikuyu"
"","","152","Kilifi"
"","","159","Kisii"
"","","161","Kisumu"
"","","163","Kitale"
"","","164","Kitui"
"","","198","Likoni"
"","","199","Limuru"
"","","202","Lodwar"
"","","208","Luanda"
"","","213","Machakos"
"","","222","Matuu"
"","","223","Makueni"
"","","226","Malindi"
"","","228","Mbale"
"","","232","Mariakani"
"","","236","Marsabit"
"","","239","Maua"
"","","746","NACICO Nairobi"
"","","755","Ongata Rongai"
"","","771","Kisauni Mombasa"
"","","782","Mlolongo"
"","","785","Adams Acade Nairobi"
"","","786","Kitengela"
"","","787","Kariobangi"
"","","794","Mbita"
"","","795","Bodo"
"","","796","Maralal"
"","","797","Kawangware"
"Diamond Trust Bank Limited","63","064","Watamu"
"","","065","Riverside"
"","","066","Rivaan Center"
"","","061","Narok"
"","","070","Mwanzi Road"
"","","069","Koinange Street"
"","","071","Enterprise Road"
"","","072","Nkuruma Road Mombasa"
"","","067","Nyeri"
"","","052","DTB Centre"
"","","053","South C"
"","","054","Lavington"
"","","056","Biashara street, Nakuru"
"","","059","Embu"
"","","060","Machakos"
"","","027","Kakamega"
"","","028","Kericho"
"","","029","Upper Hill"
"","","030","Wabera Street"
"","","031","Karen"
"","","032","Voi"
"","","033","Shimanzi"
"","","034","Meru"
"","","035","Diamond Plaza"
"","","036","crossroad"
"","","037","JKIA"
"","","038","Nyali"
"","","039","Migori Branch"
"","","040","Madina Mall"
"","","000","Head Office"
"","","001","Nation Centre"
"","","002","Mombasa"
"","","003","Kisumu"
"","","005","Parklands"
"","","006","Westgate"
"","","008","Mombasa Rd"
"","","009","Ind Area"
"","","010","Kisii"
"","","011","Malindi"
"","","012","Thika"
"","","013","Otc"
"","","041","Courtyard Branch"
"","","042","Mtwapa Branch"
"","","043","Lamu Branch"
"","","044","Kilifi Branch"
"","","045","Mariakani Branch"
"","","046","Thika Road Mall"
"","","047","Ronald Ngala"
"","","048","Busia"
"","","049","West End Mall - Kisumu"
"","","050","Tom Mboya"
"","","077","Imaara Mall"
"","","074","Kahawa Sukari"
"","","076","Kamakis"
"","","080","Greenspan Mall Branch"
"","","079","Likoni Mall Branch"
"","","075","Sarit Centre"
"","","014","Eldoret"
"","","016","Changamwe"
"","","017","T-mall"
"","","018","Nakuru"
"","","019","Village Market"
"","","020","Diani"
"","","021","Bungoma"
"","","022","Kitale"
"","","023","Prestige"
"","","024","Buru Buru"
"","","025","Kitengela"
"","","026","Jomo Kenyatta Branch"
"","","078","Kayole Junction"
"","","081","Kiambu"
"","","083","Kijabe Street"
"","","085","Kenol Branch"
"","","087","Ol-Kalou Branch"
"","","090","Githurai Branch"
"","","082","New Eastleigh Branch"
"","","084","Baba Dogo Branch"
"","","088","Ongata Rongai Branch"
"Mayfair CIB Bank","65","005","Industrial Area Branch"
"","","004","Eldoret Branch"
"","","000","Head Office"
"","","001","Westlands"
"","","002","Mayfair Centre"
"","","003","Nyali"
"","","006","Upperhill"
"Sidian Bank Limited","66","051","Sameer Park"
"","","052","River Road"
"","","053","Two Rivers"
"","","054","The Mall Westlands"
"","","000","Head Office"
"","","001","Main Office"
"","","002","Mombasa"
"","","003","Kenyatta Ave Nbi"
"","","004","Nakuru"
"","","005","Nyeri"
"","","006","Buruburu"
"","","007","Embu"
"","","008","Eldoret"
"","","009","Kisumu"
"","","010","Kericho"
"","","011","Mlolongo"
"","","012","Thika"
"","","013","Kerugoya"
"","","014","Kenyatta Market"
"","","015","Kisii"
"","","016","CHUKA"
"","","017","Kitui"
"","","018","Machakos"
"","","019","Nanyuki"
"","","020","Kangemi"
"","","021","Email"
"","","022","Naivasha"
"","","023","Nyahururu"
"","","024","Isiolo"
"","","025","Meru"
"","","026","Kitale"
"","","027","Kibwezi"
"","","028","Bungoma"
"","","029","Kajiado"
"","","030","Nkubu"
"","","031","Mtwapa"
"","","032","Busia"
"","","033","Moi Nbi"
"","","034","Mwea"
"","","035","Kengeleni"
"","","036","Kilimani"
"","","037","Rongai"
"","","100","Head Office"
"","","058","Gikomba"
"","","059","Kamakis"
"Equity Bank Limited","68","175","Garden City"
"","","178","Wangige Sub Branch"
"","","176","Mlolongo"
"","","177","Embassy House"
"","","180","Kawangware sub Branch"
"","","179","Utawala"
"","","190","Engineer"
"","","191","Njabini"
"","","011","Nyeri"
"","","012","Tom Mboya"
"","","013","Nakuru"
"","","014","Meru"
"","","015","Mama Ngina"
"","","016","Nyahururu"
"","","017","Community"
"","","018","Community Corporate"
"","","019","Embu"
"","","020","Naivasha"
"","","021","Chuka"
"","","084","Eastleigh"
"","","085","Namanga"
"","","086","Kajiado"
"","","087","Ruiru"
"","","088","Otc"
"","","089","Kenol"
"","","090","Tala"
"","","091","Ngara"
"","","092","Nandi Hills"
"","","093","Githunguri"
"","","094","Tea Room"
"","","095","Buru Buru"
"","","096","Mbale"
"","","097","Siaya"
"","","098","Homa Bay"
"","","022","Muranga"
"","","023","Molo"
"","","024","Harambee Avenu"
"","","025","Mombasa"
"","","026","Kimathi Street"
"","","027","Nanyuki"
"","","028","Kericho"
"","","029","Kisumu"
"","","030","Eldoret"
"","","031","Nakuru Kenyatta Avenue"
"","","032","Kariobangi"
"","","033","Kitale"
"","","034","Thika Kenyatta Avenue"
"","","035","Knut House"
"","","036","Narok"
"","","037","Nkubu"
"","","038","Mwea"
"","","039","Matuu"
"","","040","Maua"
"","","041","Isiolo"
"","","042","Kagio"
"","","043","Gikomba"
"","","044","Ukunda"
"","","045","Malindi"
"","","046","Mombasa Digo Road"
"","","047","Moi Avenue"
"","","048","Bungoma"
"","","049","Kapsabet"
"","","050","Kakamega"
"","","051","Kisii"
"","","052","Nyamira"
"","","053","Litein"
"","","054","Equity Centre Diaspora"
"","","055","Westlands"
"","","056","Industrial Area Kenpipe Plaza"
"","","057","Kikuyu"
"","","058","Garissa"
"","","059","Mwingi"
"","","060","Machakos"
"","","061","Ongata Rongai"
"","","062","Ol-kalao"
"","","063","Kawangware"
"","","064","Kiambu"
"","","065","Kayole"
"","","066","Gatundu"
"","","067","Wote"
"","","068","Mumias"
"","","069","Limuru"
"","","070","Kitengela"
"","","071","Githurai"
"","","072","Kitui"
"","","073","Ngong"
"","","074","Loitoktok"
"","","075","Bondo"
"","","076","Mbita"
"","","077","Gilgil"
"","","078","Busia"
"","","079","Voi"
"","","080","Enterprise Road"
"","","081","Equity Centre"
"","","082","Donholm"
"","","083","Mukurwe-ini"
"","","006","Murarandia"
"","","007","Kangari"
"","","008","Othaya"
"","","009","Thika / Equity Plaza"
"","","010","Kerugoya"
"","","116","Migori"
"","","117","Kibera"
"","","118","Kasarani"
"","","119","Mtwapa"
"","","120","Changamwe"
"","","121","Hola"
"","","122","Bomet"
"","","123","Kilgoris"
"","","124","Keroka"
"","","125","KAREN"
"","","126","KISUMU ANGAWA AVE"
"","","127","MPEKETONI"
"","","128","NAIROBI WEST"
"","","129","KENYATTA AVENUE"
"","","130","City Hall"
"","","131","Eldama Ravine"
"","","132","Embakasi"
"","","133","KPCU"
"","","134","Ridgeways"
"","","135","Runyenjes Sub Branch"
"","","136","Dadaad"
"","","137","Kangemi"
"","","138","Nyali Centre Corporate"
"","","139","Kabarnet"
"","","140","Westlands Corporate"
"","","141","Lavington Corporate"
"","","142","Taita Taveta"
"","","143","Awendo"
"","","144","Ruai"
"","","145","Kilimani"
"","","146","Nakuru Westside Mall"
"","","147","Kilimani Supreme"
"","","148","JKIA Cargo Centre"
"","","149","EPZ Athi River"
"","","150","Oyugis"
"","","151","Mayfair Supreme Centre"
"","","152","Juja"
"","","153","Iten"
"","","154","Nyali Supreme Centre"
"","","155","Thika Supreme Centre"
"","","156","Mombasa Supreme Centre"
"","","157","Kapsowar Sub-Branch"
"","","158","Kwale"
"","","159","Lamu"
"","","000","Equity Bank Head Office"
"","","001","Equity Bank Corporate"
"","","002","Equity Bank Fourways"
"","","003","Kangema"
"","","004","Karatina"
"","","005","Kiriaini"
"","","174","Ruaka"
"","","777","Equity Hapo Hapo"
"","","099","Lodwar"
"","","100","Mandera"
"","","101","Marsabit"
"","","102","Moyale"
"","","103","Wajir"
"","","104","Meru Makutano"
"","","105","Malaba Town"
"","","106","Kilifi"
"","","107","Kapenguria"
"","","108","Mombasa Road"
"","","109","Eldoret Market"
"","","110","Maralal"
"","","111","Kimende"
"","","112","Luanda"
"","","113","Ku Sub Branch"
"","","114","Kengeleni"
"","","115","Nyeri Kimathi Way"
"","","160","Kenyatta Avenue Supreme"
"","","161","KPA Sub-Branch Mombasa"
"","","162","Gigiri Supreme Centre"
"","","163","Karen Supreme Centre"
"","","164","Eldoret Supreme Centre"
"","","165","Kakuma"
"","","166","Archers Post"
"","","167","Mutomo"
"","","168","Kiserian Sub Branch"
"","","169","Dagoretti Corner"
"","","170","Kisumu Supreme Centre"
"","","171","Thika Makongeni"
"","","172","Kutus Sub - Branch"
"","","173","Kibwezi Sub - Branch"
"","","192","Kahawa West"
"","","194","Chaka"
"","","185","Isinya"
"","","187","Isibania"
"","","188","Kenyatta Market"
"","","189","Inland Container Depot (ICD) Embakasi"
"","","182","Kagwe Sub - Branch"
"","","181","Emali Branch"
"","","183","Rumuruti Branch"
"","","184","Sotik"
"","","186","Laare"
"Family Bank Ltd","70","030","Kangemi"
"","","010","JKIA"
"","","020","Kutus"
"","","070","Isiolo"
"","","000","Head Office"
"","","001","Kiambu"
"","","002","Githunguri"
"","","003","Sonalux"
"","","004","Gatundu"
"","","005","Thika"
"","","006","Muranga"
"","","007","Kangari"
"","","008","Kiria-ini"
"","","009","Kangema"
"","","011","Othaya"
"","","012","Kenyatta Avenue"
"","","014","Cargen House"
"","","015","Laptrust"
"","","016","City Hall Annex"
"","","017","Kasarani"
"","","018","Nakuru Finance House"
"","","019","Nakuru Market"
"","","021","Dagoretti"
"","","022","Kericho"
"","","023","Nyahururu"
"","","024","Ruiru"
"","","025","Kisumu Reliance"
"","","026","Nyamira"
"","","027","Kisii"
"","","028","Kisumu Al Imran"
"","","029","Narok"
"","","031","Industrial Area"
"","","032","Thika Makongeni"
"","","033","Donholm"
"","","034","Utawala"
"","","035","Fourways Retail Branch"
"","","036","Mlolongo"
"","","037","Olkalou"
"","","038","Ktda Plaza"
"","","039","Gateway Mall Nairobi"
"","","041","Kariobangi"
"","","042","Gikomba Area 42"
"","","043","Sokoni"
"","","044","Kahawa West"
"","","045","Githurai"
"","","046","Yaya"
"","","047","Limuru"
"","","066","Ongata Rongai"
"","","067","Kajiado"
"","","068","Fourways Corporate Branch"
"","","069","Ngara"
"","","071","Kitengela"
"","","072","Kitui"
"","","073","Mackakos"
"","","074","Migori"
"","","075","Embu"
"","","076","Mwea"
"","","077","Bungoma"
"","","078","Kakamega"
"","","079","Busia"
"","","081","Mumias"
"","","082","Eldoret West"
"","","083","Molo"
"","","084","Bomet"
"","","085","Eldoret"
"","","086","Maua"
"","","087","Litein"
"","","088","Wote"
"","","089","Bamburi"
"","","091","Ukunda"
"","","092","Digo"
"","","093","Kitale"
"","","094","Mtwapa"
"","","095","Mombasa Nkrumah Road"
"","","096","Mombasa Jomo Kenyatta Avenue"
"","","097","Kapsabet"
"","","098","Malindi"
"","","102","Kikuyu"
"","","048","Westlands"
"","","049","Kagwe"
"","","051","Banana"
"","","052","Ruaka"
"","","053","Naivasha"
"","","054","Chuka"
"","","055","Nyeri"
"","","056","Karatina"
"","","057","Kerugoya"
"","","058","Tom Mboya"
"","","059","River Road"
"","","061","Kayole"
"","","062","Nkubu"
"","","063","Meru"
"","","064","Nanyuki"
"","","065","Ktda Plaza Corporate"
"","","703","Stima Sacco Branch"
"","","099","Eastleigh Branch"
"","","101","Wangige -Kiambu"
"Gulf African Bank Ltd","72","019","Eldoret"
"","","020","Nakuru"
"","","000","Head Office"
"","","001","Central Clearing Centre"
"","","002","Upperhill"
"","","003","Eastleigh"
"","","004","Kenyatta Avenue"
"","","005","Mombasa"
"","","006","Garissa"
"","","007","Lamu"
"","","008","Malindi"
"","","009","Muthaiga"
"","","010","Bondeni"
"","","011","Eastleigh 7th Street"
"","","012","Eastleigh Athumani Kipanga Street"
"","","014","Industrial Area"
"","","015","Jomo Kenyatta Avenue"
"","","017","Mombasa Road"
"","","018","Annisaa Bondeni"
"Premier Bank Kenya Limited","74","001","Wabera Street"
"","","002","Eastleigh 1"
"","","003","Mombasa 1"
"","","004","Garissa"
"","","005","Eastleigh 2 - General Waruinge"
"","","006","Malindi"
"","","007","Kisumu"
"","","008","Kimathi Street"
"","","009","Westlands"
"","","010","South C"
"","","011","Industrial Area"
"","","012","Masalani"
"","","013","Habasweni"
"","","014","Wajir"
"","","015","Moyale"
"","","016","Nakuru"
"","","017","Imaara Building"
"","","018","Lunga Lunga"
"","","019","Isiolo"
"","","020","Mihrab"
"","","999","Head Office/clearing Center"
"DIB Bank Kenya Limited","75","004","Eastleigh"
"","","005","Bondeni"
"","","000","Head Office"
"","","006","Banda Street"
"","","003","Moi Avenue Mombasa"
"","","001","Upper Hill Branch"
"","","002","Sarit Branch"
"UBA Kenya Bank Ltd","76","005","Nakuru"
"","","004","Mombasa"
"","","003","Upper Hill"
"","","099","Head Office"
"","","001","Westlands"
"","","002","Enterprise Road"
"Kenya Women Microfinance Bank","78","001","Kakamega Branch"
"","","002","Eldoret Branch"
"","","003","Nyeri Branch"
"","","004","Mombasa Branch"
"","","005","River Rd Branch"
"","","006","Malindi Branch"
"","","007","Kericho Branch"
"","","008","Machakos Branch"
"","","009","Embu Branch"
"","","010","Kisii Branch"
"","","011","Nanyuki Branch"
"","","012","Migori Branch"
"","","013","Thika Branch"
"","","014","Kitale Branch"
"","","000","Head Office"
"","","023","Kitui"
"","","015","Nakuru Branch"
"","","016","Emali Branch"
"","","017","Voi Branch"
"","","018","Kisumu Branch"
"","","019","Meru Branch"
"","","020","Diani Branch"
"","","021","Upperhill Branch"
"","","022","Naivasha Branch"
"","","024","Busia Branch"
"","","027","Kariobangi Branch"
"","","028","Bungoma Branch"
"","","029","Bomet Branch"
"","","031","Kawangware Branch"
"","","032","Gikomba Branch"
"","","033","Kiambu Branch"
"","","034","Rongai Branch"
"","","041","Marsabit Branch"
"","","043","Lodwar Branch"
"Faulu Microfinance Bank Ltd","79","003","Kariobangi"
"","","004","Githurai"
"","","046","Kawangware"
"","","047","Kayole"
"","","048","Matuu"
"","","049","Mwea"
"","","050","Makutano"
"","","051","Mumias"
"","","052","Kiserian"
"","","053","Rongai"
"","","055","Migori"
"","","062","Kilifi"
"","","080","Kibera"
"","","084","Moi Avenue MSA"
"","","079","Kimathi St"
"","","005","Machakos"
"","","006","Ngong Road"
"","","002","OTC"
"","","007","Kiambu"
"","","008","Nakuru"
"","","009","Nyahururu"
"","","010","Molo"
"","","013","Naivasha"
"","","015","Eldoret"
"","","016","Bungoma"
"","","017","Kitale"
"","","018","Mois Bridge"
"","","019","Kisumu"
"","","020","Nyeri"
"","","021","Thika"
"","","022","Meru"
"","","025","Malindi"
"","","027","Kitengela"
"","","023","Embu"
"","","024","Mombasa Central"
"","","029","Narok"
"","","031","Kabarnet"
"","","032","Karatina"
"","","035","Muranga"
"","","036","Nanyuki"
"","","039","Maua"
"","","042","Litein"
"","","043","Kengeleni"
"","","083","Jevanjee"
"","","034","Kitui"
"","","033","Mwingi"
"","","041","Kakamega"
"","","011","Bomet"
"","","044","Changamwe"
"","","058","Ukunda"
"","","054","Bondo"
"","","086","Gikomba"
"","","056","Ugunja"
"","","065","Kapenguria"
"","","045","Voi"
"","","085","Homabay"
"","","074","Busia"
"","","060","Limuru"
"","","012","Kericho"
"Caritas Microfinance Bank Ltd","80","001","Head Office"
"","","002","Cardinal Otunga Plaza"
"","","003","Cardinal Otunga Annex"
"","","004","Kawangware"
"","","005","Donholm"
"","","006","Thika"
"","","007","Karuri"
"","","008","Karen"
"","","009","Nyeri"
